Yield,ExactPrice,DurationApproximation,Error
0.005,117.240532148346,114.614608628505,2.62592351984118
0.00615,116.617160258079,114.130482004194,2.48667825388551
0.0073,115.997946150499,113.646355379882,2.3515907706163
0.00845,115.382857119532,113.162228755571,2.22062836396037
0.0096,114.771860754237,112.67810213126,2.09375862297701
0.01075,114.164924935806,112.193975506949,1.97094942885762
0.0119,113.562017834597,111.709848882637,1.85216895195963
0.01305,112.9631079072,111.225722258326,1.73738564887351
0.0142,112.368163893538,110.741595634015,1.62656825952345
0.01535,111.777154814004,110.257469009704,1.51968580429991
0.0165,111.190049966618,109.773342385392,1.41670758122513
0.01765,110.606818924231,109.289215761081,1.31760316314998
0.0188,110.027431531753,108.80508913677,1.22234239498269
0.01995,109.451857903407,108.320962512459,1.13089539094821
0.0211,108.880068420026,107.836835888147,1.04323253187846
0.02225,108.312033726369,107.352709263836,0.95932446253299
0.0234,107.747724728475,106.868582639525,0.879142088949649
0.02455,107.187112591038,106.384456015214,0.802656575824145
0.0257,106.630168734822,105.900329390902,0.729839343919608
0.02685,106.076864834096,105.416202766591,0.660662067504717
0.028,105.5271728141,104.93207614228,0.595096671820144
0.02915,104.981064848542,104.447949517969,0.533115330573338
0.0303,104.438513357119,103.963822893657,0.474690463461087
0.03145,103.899491003066,103.479696269346,0.419794733719343
0.0326,103.363970690735,102.995569645035,0.368401045700466
0.03375,102.831925563201,102.511443020724,0.320482542477123
0.0349,102.303328999885,102.027316396413,0.276012603472566
0.03605,101.778154614218,101.543189772101,0.234964842117165
0.0372,101.256376251321,101.05906314779,0.19731310353076
0.03835,100.737967985709,100.574936523479,0.16303146223045
0.0395,100.222904119031,100.090809899168,0.132094219863689
0.04065,99.7111591778228,99.6066832748563,0.104475902966485
0.0418,99.2027079112905,99.122556650545,0.0801512607455237
0.04295,98.697525289119,98.6384300262338,0.0590952628851937
0.0441,98.1955864993012,98.1543034019225,0.0412830973786384
0.04525,97.6968669459934,97.6701767776113,0.0266901683821175
0.0464,97.2013422473932,97.1860501533,0.0152920940931978
0.04755,96.7089882336407,96.7019235289888,0.0070647046519241
0.0487,96.2197809447422,96.2177969046775,0.00198404006469843
0.04985,95.7336966285175,95.7336702803663,2.63481512234875e-05
0.051,95.2507117385684,95.249543656055,0.0011680825133169
0.05215,94.7708029322698,94.7654170317438,0.00538590052603638
0.0533,94.293947068783,94.2812904074325,0.0126566613505048
0.05445,93.8201212070896,93.7971637831213,0.0229574239683501
0.0556,93.3493026040474,93.31303715881,0.0362654452373334
0.05675,92.8814687124672,92.8289105344988,0.0525581779683648
0.0579,92.41659717921,92.3447839101876,0.0718132690224849
0.05905,91.9546658433056,91.8606572858763,0.0940085574293477
0.0602,91.4956527340903,91.3765306615651,0.119122072525272
0.06135,91.0395360693656,90.8924040372538,0.147132032111756
0.0625,90.5862942535762,90.4082774129426,0.178016840633674
0.06365,90.1359058760083,89.9241507886313,0.211755087376943
0.0648,89.6883497090058,89.4400241643201,0.248325544685699
0.06595,89.2436047062073,88.9558975400088,0.287707166198487
0.0671,88.801650000801,88.4717709156976,0.329879085103428
0.06825,88.3624649037983,87.9876442913863,0.374820612411995
0.0694,87.9260289023262,87.5035176670751,0.422511235251164
0.07055,87.4923216579378,87.0193910427638,0.472930615173993
0.0717,87.0613230049406,86.5352644184526,0.526058586487991
0.07285,86.633012948743,86.0511377941413,0.581875154601704
0.074,86.2073716642184,85.5670111698301,0.640360494388261
0.07515,85.7843794940856,85.0828845455188,0.701494948566747
0.0763,85.3640169473084,84.5987579212076,0.765259026100807
0.07745,84.9462646975104,84.1146312968963,0.831633400614024
0.0786,84.5311035814073,83.6305046725851,0.90059890882219
0.07975,84.118514597256,83.1463780482738,0.972136548982149
0.0809,83.7084789033197,82.6622514239626,1.04622747935709
0.08205,83.3009778163493,82.1781247996514,1.12285301669792
0.0832,82.8959928100809,81.6939981753401,1.20199463474083
0.08435,82.4935055137495,81.2098715510289,1.28363396272061
0.0855,82.0934977106172,80.7257449267176,1.3677527838996
0.08665,81.6959513365185,80.2416183024064,1.45433303411211
0.0878,81.3008484784193,79.7574916780951,1.54335680032413
0.08895,80.9081713729923,79.2733650537839,1.63480631920847
0.0901,80.5179024052067,78.7892384294726,1.72866397573411
0.09125,80.1300241069324,78.3051118051614,1.82491230177101
0.0924,79.7445191555594,77.8209851808501,1.92353397470926
0.09355,79.3613703726316,77.3368585565389,2.02451181609274
0.0947,78.9805607224944,76.8527319322276,2.12782879026676
0.09585,78.6020733109567,76.3686053079164,2.23346800304026
0.097,78.2258913839667,75.8844786836051,2.34141270036156
0.09815,77.851998326302,75.4003520592939,2.45164626700806
0.0993,77.4803776602722,74.9162254349826,2.56415222528959
0.10045,77.1110130444366,74.4320988106714,2.67891423376517
0.1016,76.7438882723332,73.9479721863601,2.79591608597303
0.10275,76.3789872712228,73.4638455620489,2.91514170917391
0.1039,76.0162941008449,72.9797189377377,3.03657516310724
0.10505,75.6557929521867,72.4955923134264,3.16020063876032
0.1062,75.2974681462654,72.0114656891152,3.28600245715023
0.10735,74.9413041329219,71.5273390648039,3.41396506811802
0.1085,74.5872854896282,71.0432124404927,3.54407304913556
0.10965,74.2353969203063,70.5590858161814,3.67631110412492
0.1108,73.8856232541595,70.0749591918702,3.81066406228931
0.11195,73.5379494445155,69.5908325675589,3.94711687695654
0.1131,73.1923605676818,69.1067059432477,4.08565462443417
0.11425,72.8488418218127,68.6225793189364,4.22626250287625
0.1154,72.5073785257872,68.1384526946252,4.36892583116203
0.11655,72.1679561180997,67.6543260703139,4.51363004778577
0.1177,71.8305601557608,67.1701994460027,4.66036070975812
0.11885,71.4951763132102,66.6860728216914,4.80910349151874
0.12,71.1617903812399,66.2019461973802,4.95984418385974
