Iteration,IV,AbsolutePriceError
1,0.5,10.2706019816771
2,0.25,0.398523080392224
3,0.125,4.58421322816614
4,0.1875,2.09388630126459
5,0.21875,0.847287233619284
6,0.234375,0.224230987250877
7,0.2421875,0.0871894281168366
8,0.23828125,0.0685106017715
9,0.240234375,0.00934204298263097
10,0.2392578125,0.0295836324872738
11,0.23974609375,0.0101206316997349
12,0.239990234375,0.000389253430356007
13,0.2401123046875,0.00447640502876823
14,0.24005126953125,0.00204357835979607
15,0.240020751953125,0.000827163104531792
16,0.240005493164062,0.000218954997002641
17,0.239997863769531,8.51491767051016e-05
