Strike,RecoveredIV,AbsolutePriceError
75,0.240005493164062,7.72971257276822e-05
80,0.239997863769531,4.27441957242536e-05
85,0.239997863769531,5.57055675614038e-05
90,0.239997863769531,6.74471038522029e-05
95,0.239997863769531,7.67122228424455e-05
100,0.239997863769531,8.27035030823708e-05
105,0.239997863769531,8.51491767051016e-05
110,0.239997863769531,8.42427976905924e-05
115,0.239997863769531,8.05094025579933e-05
120,0.239997863769531,7.46513426186368e-05
125,0.239997863769531,6.74118105621346e-05
