Paths,MCPrice,MCLower,MCUpper,QMCPrice,QMCLower,QMCUpper
200,2.36927292221519,2.04556197569987,2.69298386873051,2.48158859377716,2.47728962464707,2.48588756290725
250,2.44807260748314,2.16387552937125,2.73226968559503,2.47955914053924,2.47470716371024,2.48441111736823
300,2.45000153120395,2.18314529927882,2.71685776312909,2.47788261058144,2.47420293899371,2.48156228216917
350,2.40239856110093,2.15553653135935,2.6492605908425,2.48011403735432,2.47624705339721,2.48398102131143
400,2.54974065438942,2.32048027214571,2.77900103663313,2.47928319909271,2.47507800784967,2.48348839033575
450,2.37663052516855,2.15317923858872,2.60008181174839,2.48124596958296,2.47807723270464,2.48441470646128
500,2.58311774706734,2.37775423361171,2.78848126052297,2.48005637575433,2.47671965689885,2.48339309460982
550,2.47807098568315,2.27193265263814,2.68420931872816,2.4784393789549,2.47555312826214,2.48132562964766
600,2.42111357665408,2.22893528044812,2.61329187286004,2.47924211036089,2.47669378268991,2.48179043803187
650,2.51992260769615,2.33515208760845,2.70469312778385,2.4771468821425,2.47417171008062,2.48012205420439
700,2.49727764398576,2.32704194501592,2.6675133429556,2.48035028218876,2.47799718469887,2.48270337967864
750,2.39588025041701,2.23184881843939,2.55991168239463,2.48010828671281,2.47811822764027,2.48209834578534
800,2.57942991340433,2.40998270216586,2.74887712464281,2.47987459516038,2.47730234922975,2.482446841091
850,2.4015584010121,2.24339232369003,2.55972447833418,2.47938166980387,2.47646437082091,2.48229896878683
900,2.59506136820642,2.43499840207654,2.75512433433629,2.48259880495857,2.48095664892913,2.48424096098801
950,2.49684250238042,2.34619662534907,2.64748837941178,2.47896693401423,2.4775708747377,2.48036299329076
1000,2.42701538254952,2.28249535446636,2.57153541063268,2.48038321299137,2.47858828287611,2.48217814310662
1050,2.55495035783574,2.4046172894482,2.70528342622329,2.47970001398707,2.47749262566292,2.48190740231123
1100,2.58208421968398,2.44388748222401,2.72028095714394,2.48095354937509,2.47955304813381,2.48235405061636
1150,2.43034618324569,2.29180053613583,2.56889183035555,2.48022000429452,2.47866934954339,2.48177065904565
1200,2.4711636575657,2.33756536074275,2.60476195438865,2.47957486590908,2.47719355259348,2.48195617922468
1250,2.50269861003,2.37252311707218,2.63287410298781,2.47947770789053,2.47796072905525,2.48099468672581
1300,2.43050132787441,2.30453302429275,2.55646963145608,2.47887462841981,2.47804855580837,2.47970070103125
1350,2.46048733794565,2.33236435850618,2.58861031738512,2.47890230246789,2.47720680704258,2.48059779789319
1400,2.49147787125841,2.36485876000154,2.61809698251528,2.48096457437584,2.47940296295878,2.4825261857929
1450,2.42805188192191,2.3065417079354,2.54956205590843,2.4795764318325,2.47799656959603,2.48115629406897
1500,2.55294481759891,2.43143998865164,2.67444964654619,2.47984618761691,2.47793877595861,2.48175359927522
1550,2.56289920127182,2.44292037641563,2.68287802612801,2.47914359855479,2.47808206117606,2.48020513593351
1600,2.44104045720373,2.3260644303988,2.55601648400867,2.48002852569859,2.47799042110828,2.48206663028891
1650,2.47646144851141,2.36131548708347,2.59160740993934,2.47928451799333,2.47814880129962,2.48042023468703
1700,2.5152644727259,2.39975675764146,2.63077218781033,2.4798086505819,2.47861450893625,2.48100279222754
1750,2.50621165617171,2.39519723539538,2.61722607694805,2.47902473286058,2.4777663201447,2.48028314557646
1800,2.53718513355786,2.42841241230576,2.64595785480997,2.47968550580125,2.47837484046272,2.48099617113977
1850,2.5294161870933,2.42001605350171,2.6388163206849,2.47874612415138,2.47717712619772,2.48031512210504
1900,2.42398639719917,2.3203298271776,2.52764296722075,2.48040129485386,2.47941668953082,2.48138590017691
1950,2.55621270132383,2.45029267095282,2.66213273169483,2.47990139812687,2.47891084636027,2.48089194989347
2000,2.45793593484046,2.35521446620096,2.56065740347995,2.47984189333026,2.4788084597078,2.48087532695271
2050,2.41851382759242,2.31830592642114,2.5187217287637,2.47923540761707,2.47866319940977,2.47980761582437
2100,2.422112759903,2.31939946547127,2.52482605433473,2.47983509864021,2.4781365548492,2.48153364243121
2150,2.53853991531229,2.43585349133786,2.64122633928672,2.48086469397066,2.47985835309616,2.48187103484516
2200,2.54635349987526,2.44733517147888,2.64537182827163,2.48055918572014,2.47967339326801,2.48144497817227
2250,2.50540923371783,2.40575437419607,2.60506409323958,2.48009508990427,2.47856103499059,2.48162914481795
2300,2.53132974779009,2.43599487374927,2.62666462183091,2.47953598400041,2.47866938398474,2.48040258401608
2350,2.42447979401409,2.32989848890494,2.51906109912324,2.47859867766792,2.47711596007436,2.48008139526148
2400,2.50234891607273,2.40624022052912,2.59845761161634,2.47992832955062,2.47869260353968,2.48116405556155
2450,2.45208187694952,2.35913445985262,2.54502929404642,2.48000589050647,2.47906024361386,2.48095153739908
2500,2.51069392649261,2.41731031995208,2.60407753303314,2.47912542112408,2.4782653701726,2.47998547207557
2550,2.39847372483104,2.30795995145078,2.4889874982113,2.47878332106722,2.47753098501943,2.48003565711502
2600,2.43149145330394,2.34108617591467,2.5218967306932,2.47978977602946,2.478829669463,2.48074988259592
2650,2.52538057821297,2.43364741141484,2.6171137450111,2.4791233867306,2.47781566656933,2.48043110689187
2700,2.48841453877201,2.39868631234564,2.57814276519838,2.4789921329944,2.47831838449188,2.47966588149691
2750,2.43487450919067,2.34550581825633,2.52424320012501,2.47997981664794,2.47854821964075,2.48141141365513
2800,2.47760925661853,2.39044828748395,2.56477022575311,2.47871306931269,2.47749003408172,2.47993610454365
2850,2.52416243084293,2.43490760256477,2.61341725912109,2.47933668238323,2.47797969804516,2.48069366672131
2900,2.46228676082766,2.3752978854354,2.54927563621993,2.47946149881726,2.47840797404755,2.48051502358698
2950,2.47414132451059,2.38910840236515,2.55917424665603,2.47973384966447,2.47869926228054,2.4807684370484
3000,2.49243010384794,2.40707149972237,2.57778870797352,2.47888667747134,2.47790086641073,2.47987248853195
3050,2.48860446858137,2.40535523379643,2.5718537033663,2.47924305802433,2.47822179458734,2.48026432146131
3100,2.50743419255922,2.42355337259686,2.59131501252158,2.47914910911834,2.47782692910397,2.48047128913272
3150,2.4622807603933,2.37850180659756,2.54605971418903,2.4791979412857,2.47828052847775,2.48011535409365
3200,2.49662527337088,2.41417181546985,2.57907873127191,2.4797025195867,2.47823821055411,2.48116682861929
3250,2.45652845149755,2.37632834296508,2.53672856003002,2.4801392432714,2.47895779487221,2.4813206916706
3300,2.49012530763736,2.4081427339573,2.57210788131743,2.4792668484543,2.47856947695088,2.47996421995771
3350,2.4534651967774,2.373987275295,2.53294311825981,2.48034080350035,2.47911817971975,2.48156342728096
3400,2.43901482239645,2.36125014534438,2.51677949944852,2.47927413489544,2.47839404426531,2.48015422552558
3450,2.48062249929713,2.40010490993167,2.5611400886626,2.47969264064947,2.47880899398875,2.4805762873102
3500,2.39718924791139,2.31980549006336,2.47457300575942,2.47852018222948,2.47738451505781,2.47965584940115
3550,2.49588711544281,2.41843347286915,2.57334075801647,2.47979062577391,2.47877187211148,2.48080937943635
3600,2.46324761896879,2.3859535559409,2.54054168199669,2.47973569762959,2.47871302419681,2.48075837106237
3650,2.44162214158647,2.3646167727489,2.51862751042403,2.47929232879601,2.4785579765781,2.48002668101392
3700,2.44169869902153,2.36550714300046,2.5178902550426,2.47959036722298,2.47861085080599,2.48056988363998
3750,2.42956492977725,2.35390025486132,2.50522960469318,2.47949892728973,2.47875467892273,2.48024317565673
3800,2.47478000345987,2.39876440841014,2.5507955985096,2.48008238568476,2.47940760935491,2.48075716201461
3850,2.35086074402575,2.27753182239141,2.42418966566008,2.47893987793069,2.47802119583165,2.47985856002973
3900,2.46522870499138,2.38995884057854,2.54049856940422,2.47999683817627,2.47883530016372,2.48115837618883
3950,2.50806903767288,2.43355689992567,2.58258117542009,2.47978424672641,2.47907453540831,2.4804939580445
4000,2.45131485306239,2.37819555741558,2.5244341487092,2.47946617467896,2.47896596287467,2.47996638648326
4050,2.44750781052349,2.37499544200088,2.5200201790461,2.48009670007105,2.47915034988278,2.48104305025932
4100,2.47166926641214,2.39770382866868,2.54563470415561,2.4794892353178,2.47848314307542,2.48049532756018
4150,2.42220497393611,2.35052382427489,2.49388612359732,2.4789807459278,2.47813707583966,2.47982441601594
4200,2.4615060413388,2.39037632309721,2.5326357595804,2.47922670469463,2.47870144314899,2.47975196624026
4250,2.42769722865826,2.35649091233645,2.49890354498007,2.47996347228291,2.47897312405044,2.48095382051539
4300,2.41633800286406,2.34733373711527,2.48534226861285,2.48012293406209,2.47894958178317,2.48129628634101
4350,2.46450795414339,2.39442807482098,2.5345878334658,2.47953233858329,2.4786705361939,2.48039414097267
4400,2.52217495885556,2.45132731223231,2.5930226054788,2.47919679340975,2.47862799984399,2.47976558697551
4450,2.52630087772493,2.45693961252961,2.59566214292026,2.47914357468911,2.47833643724798,2.47995071213024
4500,2.50159741736785,2.43151699869624,2.57167783603945,2.47907197879739,2.4784800150489,2.47966394254588
4550,2.50873970165134,2.43893113890672,2.57854826439597,2.47971232384057,2.47863236803452,2.48079227964661
4600,2.46918423941813,2.40111991380932,2.53724856502695,2.47916844946934,2.47846398495642,2.47987291398227
4650,2.51098580485597,2.44186780355229,2.58010380615966,2.47973961644878,2.47889387175528,2.48058536114228
4700,2.48571720652901,2.41824045814571,2.55319395491231,2.47900699272606,2.47813625005865,2.47987773539347
4750,2.47271344617328,2.40521323988319,2.54021365246336,2.48009021989952,2.47948782226901,2.48069261753002
4800,2.48568098293465,2.41845645455504,2.55290551131427,2.47980647027527,2.47935818628709,2.48025475426344
4850,2.56829308083669,2.50074281133601,2.63584335033737,2.47885810761698,2.47804658656027,2.47966962867369
4900,2.46693706361413,2.40102523862006,2.5328488886082,2.47926781346375,2.47852679625037,2.48000883067712
4950,2.43710765700492,2.3721955095369,2.50201980447293,2.47882270615978,2.4780326358054,2.47961277651416
5000,2.51079081362959,2.4442670259925,2.57731460126667,2.4798369017298,2.47910099983726,2.48057280362235
5050,2.4620650262265,2.39663999844114,2.52749005401186,2.47954856854444,2.47877559492906,2.48032154215983
5100,2.57729772763654,2.51114049297903,2.64345496229405,2.47929031475525,2.47854831878544,2.48003231072507
5150,2.46087028319316,2.39646364697029,2.52527691941603,2.47939014540767,2.47844459661998,2.48033569419535
5200,2.47871164424546,2.41461152904314,2.54281175944778,2.47942057362226,2.47883975435572,2.48000139288881
5250,2.46240476834993,2.39774639440866,2.5270631422912,2.47994553705739,2.47939122737445,2.48049984674033
5300,2.48914712980263,2.42473429339647,2.55355996620878,2.47969514913046,2.47881439657445,2.48057590168647
5350,2.45834431735702,2.3949623363717,2.52172629834234,2.47939889182984,2.47886803968433,2.47992974397535
5400,2.38390327084768,2.32169671799439,2.44610982370096,2.47947726892919,2.47848147455509,2.48047306330329
5450,2.52391073343183,2.460250419591,2.58757104727266,2.47984725801991,2.47912444290117,2.48057007313865
5500,2.49191119430496,2.42943652908842,2.55438585952151,2.47987053574401,2.4792229513363,2.48051812015173
5550,2.46324232667441,2.40119467905662,2.5252899742922,2.47933256008976,2.47843810314394,2.48022701703557
5600,2.45814341244531,2.39566507526746,2.52062174962317,2.47966615885769,2.47896669773064,2.48036561998475
5650,2.52885175346632,2.46697864570855,2.59072486122408,2.47944399341982,2.47855142946225,2.48033655737739
5700,2.43991198624612,2.3788357411443,2.50098823134795,2.4790553916397,2.47855599120817,2.47955479207122
5750,2.47323002692295,2.41198255242512,2.53447750142078,2.47967008311579,2.47911688964287,2.48022327658871
5800,2.48602936810239,2.42546733067294,2.54659140553183,2.47959511013406,2.47882801485772,2.48036220541039
5850,2.46865538435225,2.40771036730512,2.52960040139937,2.4796684594134,2.47884282226905,2.48049409655776
5900,2.44900080298588,2.38872778170036,2.50927382427139,2.47985570240955,2.47907635708696,2.48063504773215
5950,2.43930295982367,2.37992905592358,2.49867686372375,2.47988996609263,2.47926125736352,2.48051867482173
6000,2.48515515795595,2.42473295081058,2.54557736510131,2.47937894339348,2.47864175282888,2.48011613395808
6050,2.49530320923379,2.43542054149657,2.55518587697102,2.47967303911484,2.47899081676191,2.48035526146778
6100,2.50467070735149,2.44478252304588,2.56455889165709,2.47924820246598,2.47877324776761,2.47972315716435
6150,2.47521269137192,2.41603097880882,2.53439440393502,2.47974511050712,2.47916875677232,2.48032146424193
6200,2.50895298611298,2.45011892891053,2.56778704331542,2.47966590064639,2.47897426363217,2.48035753766061
6250,2.49593480720549,2.43654395752428,2.5553256568867,2.47958427158778,2.47890870567096,2.48025983750459
6300,2.48552447375438,2.42723092661813,2.54381802089062,2.4796975962433,2.47895683988246,2.48043835260413
6350,2.49518599961823,2.43707300935329,2.55329898988318,2.47979125868508,2.47892999577303,2.48065252159713
6400,2.48472493876579,2.4266662793735,2.54278359815808,2.47938605045149,2.47868931981291,2.48008278109006
6450,2.50152832296573,2.44352277059454,2.55953387533692,2.47914387574179,2.47847057630794,2.47981717517564
6500,2.44980328321239,2.39308003913317,2.5065265272916,2.48018005338221,2.47941874472875,2.48094136203566
6550,2.49812930819364,2.4407482054718,2.55551041091548,2.47971480997682,2.47919286153355,2.48023675842008
6600,2.48458157555907,2.42709724319744,2.54206590792071,2.47918237839991,2.4784777906771,2.47988696612272
6650,2.48214284761744,2.42544929250529,2.53883640272959,2.47988428517398,2.47921792781518,2.48055064253277
6700,2.43520675012536,2.3783566192829,2.49205688096783,2.47957351583453,2.47879461095546,2.4803524207136
6750,2.49023009134957,2.43406175148235,2.54639843121678,2.47966551368585,2.47910001199017,2.48023101538154
6800,2.51353853426116,2.45671959573111,2.57035747279122,2.47993066068603,2.47909120543973,2.48077011593233
6850,2.51441648645296,2.45870882096122,2.5701241519447,2.48006840544886,2.47944817907008,2.48068863182764
6900,2.50569584541686,2.45009157041113,2.5613001204226,2.47928553038017,2.47829330748818,2.48027775327216
6950,2.47716048402918,2.42145678294165,2.53286418511671,2.47902370143454,2.47795185013636,2.48009555273272
7000,2.48755562928592,2.43134851891313,2.54376273965871,2.47938086986346,2.47897221816713,2.4797895215598
7050,2.52503172825467,2.46846147550459,2.58160198100474,2.47944003738494,2.47879971364025,2.48008036112964
7100,2.53022730011068,2.47539764343636,2.58505695678501,2.48007613940031,2.47954116517362,2.480611113627
7150,2.54197843093203,2.4860060721255,2.59795078973857,2.47955136789843,2.47911857968116,2.4799841561157
7200,2.43861398177275,2.38466477443232,2.49256318911318,2.47987156742892,2.47929506938716,2.48044806547069
7250,2.4598220877429,2.40507079513018,2.51457338035563,2.47890442471259,2.47813484065013,2.47967400877506
7300,2.48889144122014,2.43401792968505,2.54376495275522,2.47953078505166,2.47906668286155,2.47999488724178
7350,2.46585223742934,2.41107776651074,2.52062670834794,2.4796991002696,2.47904677554303,2.48035142499617
7400,2.4535415554489,2.39999267286869,2.5070904380291,2.47980014581623,2.47911638173136,2.48048390990109
7450,2.48753134112971,2.43379072734032,2.54127195491909,2.47947768118854,2.4787373262525,2.48021803612457
7500,2.4850642127361,2.43059103790561,2.53953738756658,2.48015710782692,2.47957182412607,2.48074239152777
7550,2.49140901081655,2.43806240307196,2.54475561856114,2.47933830138947,2.47876588444771,2.47991071833123
7600,2.46006677279658,2.40707877529583,2.51305477029734,2.47913351658946,2.4785619241803,2.47970510899862
7650,2.46510682640354,2.41211829355975,2.51809535924733,2.47934422364278,2.47886934455515,2.47981910273042
7700,2.43527343593659,2.38250396824748,2.4880429036257,2.47929888567133,2.47858021520463,2.48001755613804
7750,2.50365612785338,2.45043601514122,2.55687624056554,2.47966749074338,2.47915938220126,2.4801755992855
7800,2.52807227551117,2.47474283836334,2.581401712659,2.47973200394067,2.47909538042546,2.48036862745587
7850,2.48048109820462,2.42705940120205,2.5339027952072,2.47958486367278,2.47920630534854,2.47996342199703
7900,2.47058542839272,2.41845308521065,2.52271777157479,2.4797094522275,2.47899020275383,2.48042870170117
7950,2.43886912029173,2.38703165183231,2.49070658875115,2.47986356391852,2.4792906390764,2.48043648876065
8000,2.4495773620055,2.3981604684907,2.50099425552029,2.47955039604733,2.47886636512639,2.48023442696827
8050,2.47614488997473,2.42439169173929,2.52789808821016,2.47962972504015,2.47907617432539,2.4801832757549
8100,2.46237485657134,2.41123630089308,2.5135134122496,2.48007916442281,2.47954907824698,2.48060925059864
8150,2.51029322023384,2.45826752380717,2.56231891666052,2.47956199270765,2.47907236037514,2.48005162504017
8200,2.48484733095364,2.43348436724257,2.53621029466471,2.47944746602353,2.47864207365451,2.48025285839256
8250,2.48118687567644,2.42972037467559,2.53265337667729,2.47953934250318,2.47878641105721,2.48029227394916
8300,2.48657875781437,2.43536608216496,2.53779143346378,2.47930192054428,2.47860012776278,2.48000371332578
8350,2.47217936751041,2.42095382082719,2.52340491419364,2.47911328534446,2.47846577739216,2.47976079329676
8400,2.51761152627449,2.46669050611649,2.56853254643248,2.4796467414027,2.47884007613918,2.48045340666622
8450,2.42756254447248,2.37750790666114,2.47761718228383,2.47961998446276,2.4790215570507,2.48021841187483
8500,2.46874567013864,2.41794455194627,2.51954678833102,2.47899794750565,2.47866005810379,2.47933583690751
8550,2.46054857009804,2.41015755108544,2.51093958911063,2.48020878352673,2.4796559505184,2.48076161653505
8600,2.46341247604683,2.41344267403554,2.51338227805813,2.47946162894729,2.47858638569417,2.4803368722004
8650,2.4580347015834,2.40813350700234,2.50793589616445,2.4794601479019,2.47893932340854,2.47998097239526
8700,2.4849429429863,2.43446135759366,2.53542452837894,2.47897187653438,2.4785714047333,2.47937234833545
8750,2.49068993819866,2.44072880161074,2.54065107478659,2.47973715633142,2.47908724200174,2.4803870706611
8800,2.52522650983578,2.47524479999281,2.57520821967876,2.47956535320937,2.47905666365978,2.48007404275896
8850,2.45105688074092,2.40242056518178,2.49969319630007,2.47935822218924,2.47891918793749,2.47979725644099
8900,2.53509254030986,2.48538134721323,2.58480373340649,2.47984372189808,2.47907398851474,2.48061345528142
8950,2.46699187226503,2.417282895173,2.51670084935705,2.47983174205306,2.47918264413343,2.48048083997269
9000,2.47536256931023,2.42638360336481,2.52434153525565,2.47975729080639,2.47916349605846,2.48035108555433
9050,2.48391926900192,2.43527823339176,2.53256030461209,2.47962642614198,2.47910143688937,2.4801514153946
9100,2.47517805679955,2.42613725805337,2.52421885554573,2.47998969339679,2.47945553376095,2.48052385303263
9150,2.45933975366433,2.41038784472016,2.50829166260849,2.47948894870232,2.47893379148869,2.48004410591595
9200,2.49518601111702,2.44635971120998,2.54401231102407,2.47963836497706,2.47921491675735,2.48006181319677
9250,2.49052807972058,2.44157234253134,2.53948381690981,2.4791626113836,2.47864849009878,2.47967673266842
9300,2.50463520179572,2.45603787230407,2.55323253128737,2.47964521170608,2.47906654405538,2.48022387935678
9350,2.44680280829671,2.39883569826383,2.49476991832959,2.47901402587637,2.4786036527273,2.47942439902544
9400,2.4743867565168,2.42683488692764,2.52193862610596,2.47974518172778,2.47916430941385,2.4803260540417
9450,2.46377920432901,2.41627705063375,2.51128135802427,2.4795758263459,2.47888883316946,2.48026281952233
9500,2.48187466528578,2.43401715425535,2.5297321763162,2.47991699542418,2.47937444101832,2.48045954983003
9550,2.47413220702225,2.42678339945734,2.52148101458715,2.47920900094768,2.47868397074667,2.47973403114869
9600,2.47934421142968,2.43192138446574,2.52676703839361,2.4796161304689,2.47905386150462,2.48017839943318
9650,2.48710769066169,2.43996313236625,2.53425224895713,2.47948698335002,2.47911104105799,2.47986292564206
9700,2.4689880758475,2.42181717258302,2.51615897911197,2.47980352701654,2.47934364134276,2.48026341269032
9750,2.49070071695327,2.44371044533875,2.53769098856779,2.47939121347768,2.47888347898983,2.47989894796553
9800,2.49647859023882,2.44932622962854,2.5436309508491,2.47953249649901,2.47892711178097,2.48013788121705
9850,2.48408380629026,2.43705254544236,2.53111506713816,2.47960128536668,2.47889895484594,2.48030361588742
9900,2.47500168773396,2.42787614755313,2.52212722791479,2.47974758758982,2.47935245827017,2.48014271690947
9950,2.47751955706022,2.43107716535095,2.52396194876949,2.47934480214696,2.47878976170266,2.47989984259125
10000,2.49931044462129,2.452452373332,2.54616851591057,2.47971087118115,2.47928601852869,2.48013572383362
