Spot,AmericanLSMC,EuropeanMC,EuropeanSE,ImmediateExercise,EstimatedEarlyExercisePremium
70,30,27.2854609934193,0.121237259495214,30,2.71453900658069
75,25,22.630120865308,0.124437871469673,25,2.36987913469199
80,20,18.3135439227147,0.124005400312447,20,1.68645607728533
85,15.4966192541908,14.4860065188005,0.119640956226174,15,1.0106127353903
90,11.8755483924179,11.2221948747334,0.112113262034454,10,0.653353517684483
95,8.90228597330463,8.54531369989387,0.102462575594923,5,0.356972273410758
100,6.63411133744642,6.4289497042072,0.0916724900750945,0,0.205161633239221
105,4.95106008655897,4.79577022462488,0.0806650702312098,0,0.155289861934084
110,3.66944461911367,3.54161866429092,0.0701562391532288,0,0.127825954822752
115,2.69298425071931,2.58420923196806,0.0605920814650086,0,0.108775018751247
120,1.96234909362006,1.88108404778593,0.0520889001609564,0,0.0812650458341309
125,1.42763891600924,1.3743873911141,0.0446416870312692,0,0.0532515248951433
130,1.03840309572856,1.0082937006046,0.0381930132847567,0,0.0301093951239575
