Var1,Var2,Var3,Var4,Var5,Var6,Var7,Var8,Var9,Var10,Var11,Var12,Var13,Var14,Var15,Var16,Var17,Var18,Var19,Var20,Var21
0,100,100,100,100,100,100,100,100,100,100,0.04,0.04,0.04,0.04,0.04,0.04,0.04,0.04,0.04,0.04
0.0166666666666667,101.142341293567,106.061205159881,105.891117042615,102.931682049016,95.8129049968384,102.851878873471,98.8567189230289,100.069184067399,101.898071030321,96.5798445590968,0.042612243027367,0.0260985815503342,0.0329489398915885,0.0424463403360211,0.041129756961149,0.0332927969802863,0.0414785001914078,0.0426925900366193,0.0477987099980832,0.0436549822630465
0.0333333333333333,105.406162766458,106.051275558481,107.349400201928,102.580082380409,96.173994117282,101.658344427597,95.9861641405835,102.394157336818,99.3463971914525,100.367044959321,0.0414961284717961,0.0326843553933849,0.0365043133726819,0.0397123244652432,0.035015291529763,0.0364154803501821,0.0398682342617691,0.0434556649251755,0.0459914649810555,0.0386592265640446
0.05,106.873367671112,103.971528192443,109.82338819613,97.0919467477443,92.7022090370997,103.842566400309,96.4543386595067,97.3033852114367,95.9134112686927,100.096184772525,0.046193093667367,0.0391153120262504,0.038433452781436,0.0502278526652029,0.0398545709587865,0.0416295831863306,0.0375716100771663,0.0480833811318543,0.0574491363908608,0.0382469613494748
0.0666666666666667,106.223101648673,98.3127440825091,112.285459638968,96.7257474997635,92.0208829809341,108.422719999993,96.968007002894,95.2424317468836,95.1368785318006,99.3282525496122,0.0469239974930239,0.044049879868473,0.0395729278342923,0.0553687919272876,0.0426868448962256,0.0339201186630966,0.0454126988505523,0.0510299894348877,0.047746680658944,0.0402570975271178
0.0833333333333333,111.923901338454,91.7413506162949,109.14663867054,97.1157422829898,96.4204738060548,108.018016351662,101.346420407781,96.3229058389923,97.4751297720431,99.8389918817312,0.032393079680434,0.0475361440113706,0.0469918425979847,0.0548035578948543,0.0379086170882463,0.0390945890362267,0.0352984301552254,0.0530830588537769,0.0425313818073619,0.033842924461686
0.1,113.054856733574,94.437473868337,113.685939924517,99.2621101703139,95.8523725127207,111.897750304946,102.576762924606,92.8803091698466,96.6247882712026,97.7774244750669,0.0334507392914393,0.0410963824310836,0.0463362311247391,0.0573761726296375,0.0298323648108343,0.0285019511021552,0.0354150392639394,0.0556775282646834,0.0370876069411698,0.0319625152680624
0.116666666666667,111.502568602924,91.686558745978,110.618858612437,96.7848359653507,93.7715173381419,111.013818224079,101.832332327216,94.2016420641196,96.7542009367852,96.4057889630671,0.0380695363633661,0.0480056226198811,0.0436038595821622,0.0619245829027078,0.0241091284819567,0.0247100015518288,0.0318554085635695,0.0563049041537819,0.0330703792450794,0.0412162250570638
0.133333333333333,111.094203043751,94.163257588893,111.910268529644,93.4399499530298,96.9848342209923,114.312198091987,101.811040502735,94.7186464534869,94.2377791667951,93.7648050286473,0.0440010671048861,0.0461496962624745,0.0430830738846894,0.0698854548893178,0.0194081592787979,0.0244112052556892,0.0242329262066101,0.0421698857620784,0.0254008980525741,0.047364176974572
0.15,110.167873548397,95.6012670577974,111.823439762633,90.6835765787101,96.2594698526438,111.185147961269,100.950515827295,95.618555915737,95.6568389665405,97.137820625469,0.0540296530686922,0.0420855737372571,0.0538964524937277,0.0733280194108803,0.021516572920782,0.0277024624055237,0.0246546024310327,0.035468734342286,0.0222306529552114,0.0419297016723444
0.166666666666667,109.526676814496,95.2779775190483,109.983902869102,92.3180679939338,97.5036486353511,116.902217536432,100.030043874668,94.9967245033923,95.3517949765184,96.7748313722381,0.0428337597258086,0.0384425948047609,0.0486213021174548,0.075057714420261,0.0213334402348813,0.0216851511460201,0.0292387807237169,0.034141888646147,0.0243768267580357,0.0414679882189419
0.183333333333333,105.095904753969,100.3103111196,110.542546147425,91.2251927138792,102.084274634787,114.91592330907,101.238723501715,91.6069144384617,94.5082955441933,94.9522804322123,0.049119020468336,0.0306541678512081,0.0527287348859996,0.0751841557805856,0.016165329071821,0.0285862361174517,0.0302517385419766,0.0426693944415079,0.0243922838090572,0.0442476102672518
0.2,111.289260275863,105.127255738176,111.992148025121,86.8964628946449,103.417190208946,116.135323603389,98.8222468309671,91.6836708381937,92.8457086161946,94.3791498867351,0.0493206581801822,0.0271112493481496,0.0458590565911312,0.0784026486898441,0.0179744776472915,0.024111839915375,0.0336666840047423,0.0399811332735763,0.0299024967591827,0.0413415182109364
0.216666666666667,108.867935904709,106.546650704395,115.563705579538,87.9000229470361,102.057145961616,120.547147162887,97.4537932539339,91.3860177804435,91.0868004048124,92.5909169201485,0.0571417558014534,0.0184062774145621,0.0418406838041042,0.0672066899675578,0.0211839455782988,0.0206383152075114,0.0311066547666227,0.0422521587605859,0.0260600868853215,0.0497099269596362
0.233333333333333,105.543515464336,105.87290753923,115.473085928334,95.1192812899199,99.9081398578255,118.751759786127,96.5410969171913,88.4681776804398,91.0366487029172,92.5172835874235,0.0557429832003109,0.0178981108474361,0.0468208358997145,0.0573931170529997,0.0255367503669665,0.0246739062278745,0.0340259170006965,0.0512245164541374,0.0242852453336726,0.042934131734986
0.25,100.19673320196,105.590482619267,116.611688035263,99.3108993385788,100.043956765077,122.198413390031,98.0945499592507,89.4146116715744,89.4840453904983,96.0090089168333,0.064003460640096,0.0183688147684741,0.0516062230481435,0.0514522045611348,0.0303059847995812,0.0233068611912017,0.0358144827660592,0.0484621631116659,0.0303419502325654,0.0450579421488515
0.266666666666667,98.5616178344107,106.655352124402,115.764264866548,99.0202022878706,97.8189274482893,121.870515554441,92.5196609383322,91.5263967256936,91.6215135304991,97.4477752084249,0.0701997962303392,0.0213918370227291,0.0566166257686758,0.0412170605822637,0.0316541156207065,0.0146168885419847,0.0391966665760999,0.0451657587671149,0.0303175122526117,0.0488904763676486
0.283333333333333,103.117849746813,111.235944369826,115.947104070534,97.5024068810537,100.852883896558,120.031476175985,89.6177534427358,91.0800436810008,90.7966749614409,96.9532615615589,0.0553137733625123,0.0166019924116366,0.053821041744634,0.0401874928805727,0.0305666008337886,0.0151226508459471,0.0467121810441903,0.0358534092277461,0.0298007054517707,0.0448617190873676
0.3,100.605531463937,107.671541874521,116.898808549881,100.98223611492,100.523081468273,119.779335004187,88.2924314882087,96.2105045852088,91.7778659089551,97.4300715817471,0.0543625314196711,0.0215594411863679,0.0553856530832594,0.0413027195598182,0.0262027934272807,0.017817202497584,0.0424855960735339,0.0297834255621097,0.029693178903132,0.0403698164990713
0.316666666666667,96.8029559280792,108.518319935131,115.076743136022,111.094665234729,97.739402043772,118.390786561081,91.3211267235244,97.6198253934729,92.4230308823854,101.336388550948,0.0538573126712586,0.0233756899476638,0.0541723709399751,0.032846196496195,0.0267871849523634,0.0169563783600607,0.0303663356705878,0.0273089840395134,0.0366836732018186,0.0412593641870964
0.333333333333333,96.8375312819556,108.283445044393,115.338937747836,109.240679043518,95.4788616462151,117.772090574136,90.1672117156087,96.7229266467174,88.7814619415437,101.080142223664,0.0530818125910841,0.0278338099782551,0.0615258527015705,0.033189419100902,0.0352647865399204,0.0186746905200084,0.0291575526616789,0.0314311520361743,0.0360031488812466,0.0321695410101748
0.35,96.6866214629474,112.099916847462,113.906891372484,108.30892222024,98.0253586425361,117.779968304534,89.777821861387,99.615305617402,90.950900163157,99.0327474292729,0.0547972315870383,0.0345272527986252,0.0601000279909939,0.0242171356336625,0.033895401316732,0.0176537880880864,0.0258372417275836,0.0260710198264546,0.0291031402724719,0.0275554968386914
0.366666666666667,94.8904787976278,110.687883832617,109.008201622981,110.338044978512,97.0534011089029,119.501191177093,92.9852879439671,99.7826582560891,87.1275674029609,98.6779954390724,0.0538607840635877,0.0343284076775502,0.0710628300200673,0.0200237666050144,0.035708751797559,0.0199788458861245,0.0215059392753557,0.0227757953263834,0.0287674796082402,0.0296182894964814
0.383333333333333,97.1662038454768,107.21858067154,104.976386912809,105.862585628371,97.4757728289226,118.273078504465,94.7598776570562,98.6161464932879,87.7411820074329,97.2345300288925,0.0499835807346042,0.0378342021021977,0.0665138747457204,0.0263255194784459,0.0391781450209188,0.0221668439286232,0.0175937490247488,0.0288322368064674,0.0314584426872247,0.0296761471443581
0.4,96.6208899328332,107.80485838775,112.04376692917,109.471141195679,96.0503625831592,116.239742049308,96.4865872196261,101.810235735313,84.8640346867176,99.8960033175633,0.042602857848042,0.0332680810503577,0.0556209371676413,0.0255659400704697,0.0337906212089532,0.0230606586109188,0.0190884696146265,0.0185233000651356,0.0350327612833397,0.0334172411370185
0.416666666666667,98.9667553332987,108.466337503125,115.569390470602,111.112865866281,97.7360478342671,117.30117657893,95.9829931754519,99.1864562613151,85.9566406882034,100.798057628348,0.0424643693873987,0.0290778928488709,0.0541242779617376,0.0271668640499152,0.0304873794856676,0.0211020412363442,0.0258106433037533,0.0219622097699027,0.0265480470040696,0.0310900601678658
0.433333333333333,102.492813143316,108.847643549914,118.79620684268,112.34970854566,99.1360726442039,117.477848841129,93.8116459378214,97.8432102891882,86.1285790593529,99.2396358655236,0.0482865571877318,0.0264367304599848,0.042817836086962,0.0256421963256911,0.0257334033961907,0.0239673075550085,0.0248170761845351,0.0275042178887671,0.0342818044656879,0.0379569892051842
0.45,102.318561942833,107.752997949611,119.132096210833,113.681830004578,94.3208951343296,114.187867678201,91.9341015289962,97.3969240029923,86.2830127893642,101.370137744483,0.0495077512581619,0.0273320200817632,0.0423888289062052,0.0230108455895084,0.0301434571064591,0.032564006598257,0.0258682729621377,0.0319982683195217,0.0371687024077029,0.0358831587694088
0.466666666666667,102.688502718051,104.260537207959,119.895799853939,110.399587817934,90.4905748409875,113.72603549726,91.1414061384945,97.1753293776842,89.2862028001774,101.439433497126,0.0484290040800338,0.0339864348624441,0.0456947288972222,0.0214405048680598,0.032948775517004,0.0271604878977856,0.0231913786339012,0.0307015636409122,0.0327610593887116,0.0354261487438175
0.483333333333333,106.842354069019,103.715850117883,126.479823485385,110.631676235927,90.9018608721807,116.406304927399,92.9528953490187,95.2482261918057,92.5524689580517,98.1431488445016,0.0425631637784918,0.0396445929522015,0.0393670366803719,0.0267686962130944,0.0334035064980541,0.0273444638024387,0.0200289917029813,0.0291458683110497,0.0333756405438568,0.0379608833239274
0.5,106.98605366623,104.906087952732,127.752652259054,107.415011908405,88.5826731754277,115.340977499567,97.4242001699029,93.3673980343384,92.9860907234945,95.4441415602819,0.0395792933752774,0.0367030967882192,0.03567652149901,0.0300014473514682,0.0381419218830817,0.028469218724519,0.0173895223495495,0.0291393837572963,0.0374362155991954,0.0389161060919328
0.516666666666667,110.139345914008,102.669569949848,128.324027856685,106.28604492753,92.2750186802175,116.825610260758,96.3988419136774,91.8325553235766,91.706551148482,98.2992915774229,0.0438941991610185,0.037222717028554,0.03556017335501,0.0306200189141425,0.0316996037202313,0.025323194487303,0.0149415971433997,0.0288715213619927,0.0246445803159383,0.0375935662842672
0.533333333333333,110.678905903783,104.223004027893,131.320587331755,103.104167948288,89.5952564784014,119.194614990599,96.3132487138737,90.1670398399604,97.4099891698306,101.068551039358,0.0509503596542124,0.0378913063643815,0.0361613516883166,0.0393342565376835,0.0324473788237432,0.0208380945702187,0.0158652762604699,0.0294960753913401,0.0125866631448429,0.0277714582673501
0.55,106.952416577849,101.998591467947,130.935198889358,105.290050449078,85.9554895509944,123.519026372017,96.7614931418002,85.642517874718,96.4444646731894,100.106015220778,0.0455966552652772,0.0447133548535405,0.0428206325131209,0.039793440067089,0.0312209810969326,0.0158710878919697,0.0169406765048787,0.0375662498677692,0.0150757690523127,0.0272452482256367
0.566666666666667,106.850548719891,101.885156151599,131.841080706192,106.367603808194,85.9181513131633,124.938717302951,94.9751549123085,85.3973161678984,96.6757497426465,103.291876030625,0.0395804368392806,0.0500158966135634,0.042239131366446,0.0462292181304023,0.0354560352021139,0.0138815091115834,0.0209286229094837,0.046373756097779,0.0117561943138044,0.0298650373293312
0.583333333333333,105.913690987073,98.2599139435422,125.235838976108,105.423689864246,88.1960205364468,121.281750311709,98.7252292914134,85.6017368876204,96.7250067712627,103.44303687033,0.022903853588438,0.0528548888021829,0.0448145095078268,0.0459302568268422,0.0324408586140436,0.0134753338079711,0.0203796327982749,0.046145563154181,0.0124383267841093,0.034333893309036
0.6,102.795587161668,95.3218026450652,126.500278204468,106.960233454112,87.5685747389475,120.491516853275,100.494499640029,86.5932649145904,96.4780856072781,103.406935230114,0.0207740560774226,0.0412316622290727,0.0371363309815458,0.0507855085594387,0.0322406064461217,0.018402281039131,0.01960725292961,0.0425582777183082,0.0124318491894506,0.0281900562278312
0.616666666666667,103.416221139043,94.0444527903999,123.482634025756,102.420952657729,87.9091325709411,119.063895741578,99.5327571270322,85.8432092869188,95.8603924705974,104.872634620572,0.0201476891830932,0.0358954272385279,0.0356046642355168,0.0509627576586057,0.0351259097884478,0.0189359892370279,0.0206213651071596,0.0363753319688423,0.0156539527074784,0.0320618012876917
0.633333333333333,102.916374914592,87.8307841079568,118.974177853938,105.515742085378,83.3005355841634,126.1505348128,99.4845129653596,84.8161869352816,97.7133308159769,102.157871116394,0.0201569738706449,0.0440269593627635,0.0395799396046762,0.0511051559041195,0.0373833451516112,0.0110763051301591,0.0229516358754814,0.0403629356261108,0.0111813998855042,0.0347701059554411
0.65,102.299273004576,84.5595861907066,122.122885862469,101.8182605581,85.4833637795787,126.756297450884,100.901612869389,86.9792484058335,99.5155762415462,103.791304005509,0.0230744741142027,0.0397721162685989,0.0377576718148644,0.0536909477408573,0.0312370834727493,0.0108399724037393,0.0207631107950903,0.0356018866467827,0.0124730012729171,0.0380886749153773
0.666666666666667,108.092837733055,85.7520522752072,122.262779973492,101.845995349461,86.2635006953721,124.57605909433,98.3836202652472,87.9153040083393,100.843740897329,105.244684544601,0.0205314947271333,0.0405671246650408,0.040503160797827,0.0486199242132829,0.0314854118146953,0.011235470991452,0.018292618156951,0.0346571116471013,0.00979141863988478,0.0393351966834128
0.683333333333333,111.638689581471,88.1883584999844,121.342831740737,104.24268134872,88.0743005922497,123.014048551722,101.150756657731,89.6299393323048,100.956981893888,102.274391991345,0.0176767513415152,0.035601177064765,0.0440844622583636,0.0473419881370205,0.027129518806597,0.0110939389487813,0.0136656468327608,0.0360237720504868,0.00889688235045954,0.040886145004236
0.7,114.130993075854,85.6048779502163,119.558124501945,98.1588350264973,89.1236964690747,124.428726771367,102.72866222819,91.9811877901293,99.7354964211123,99.9214996015714,0.0151000155417179,0.044277635104869,0.0502432473091377,0.0483760866760251,0.0228689802278408,0.0118564209698111,0.0135946008085422,0.0365508432185155,0.0114912932921164,0.0542340587212901
0.716666666666667,114.842128776893,87.6660873430896,118.386398603086,98.5625144591737,85.6438528635235,124.881033158634,101.905642345342,95.1838723939321,100.801284750404,103.075690562774,0.0148955484542134,0.0352477418562217,0.0596576559566617,0.0480796422048042,0.0225513905117241,0.014146258271976,0.0181159752967228,0.0323265044438441,0.0111195239229571,0.0468749795157401
0.733333333333333,114.731884670019,86.6991577610676,116.111120828527,98.1797349083501,85.978690008945,125.217600239854,101.904453610427,94.8320884517671,99.17077149504,100.41272828529,0.0143360271204237,0.0369911636146974,0.0620979855645076,0.0529910275291348,0.0340636432413001,0.0179369222375257,0.0192458988707376,0.0263737725736494,0.0129774485707981,0.0511858979569471
0.75,115.291142266133,91.5396799663134,117.449896904905,99.8012251118456,83.6662431004907,121.978903132067,101.679026525936,97.145376905014,100.041914009632,100.085762701383,0.012485239257945,0.0262032213273596,0.0636864614231293,0.047026806620485,0.0458387811409914,0.0192307799116989,0.0232807161036968,0.0288438605511424,0.0111534395613183,0.0537793782490435
0.766666666666667,116.27360559397,89.982580950915,118.502864543765,105.438736536131,79.4987834734355,120.881948326041,105.23242457843,96.9172536785475,100.773949590522,104.341552019087,0.0112266792484938,0.0258290097158631,0.0592755029341216,0.0387033158166482,0.0511236741298069,0.0219152163362171,0.0167382082530051,0.028717027795584,0.0112999879920153,0.0388740069178311
0.783333333333333,118.96329488738,88.3858683910622,124.077543003256,107.15974094236,74.2987864746217,121.344573091345,100.997894675187,98.4766863765028,99.4283397774342,103.952474033808,0.0107488642591184,0.0237236663313166,0.0584416767947684,0.0312956667340243,0.0597018919438143,0.0207769583655816,0.0185405474881513,0.0291196508086495,0.0123711650955373,0.0418296826506623
0.8,118.994540179731,87.221060576636,122.984234985642,107.955846940169,73.1201039438996,120.806372526978,99.4676369302272,96.0530191616567,97.9643282557519,105.513263849374,0.0110192418802253,0.0262768509400596,0.0566969749124643,0.0326018576394797,0.0664136999355261,0.0177869765817243,0.0233119163062775,0.0338190713387005,0.0174485488760497,0.03533157574596
0.816666666666667,121.866219365102,87.5000360863388,124.276059504872,107.364830524812,71.2291936866511,122.035915185236,100.942277197224,95.7099277628898,97.460101666924,105.192926395663,0.00994485934889933,0.0302469872310398,0.0545564432668579,0.0290677427204342,0.0744205922542983,0.015451680110013,0.0206875773087648,0.0390926278012309,0.0219915459974244,0.0330988491544771
0.833333333333333,118.609203463179,89.1538224268461,130.479887743072,107.344200412056,70.3337478248923,122.932071159533,105.66788461546,94.657138008041,99.2534655752529,104.902944955657,0.0152032815281376,0.0185104249066398,0.0526153565474075,0.0280453710516727,0.0760826647747767,0.0131731400632353,0.0163264027573653,0.0322979157672148,0.0200376551591972,0.0311964867885643
0.85,119.919425214593,89.6040018273388,129.173352382565,107.892669943445,72.4578769921125,120.937472076355,105.369822296919,95.0000936356785,97.6298246379236,102.973248788885,0.010965185428445,0.0180266989915862,0.0457713883084138,0.0265775700874289,0.0793325397933054,0.0153622486432814,0.0168722673741604,0.0237829772029377,0.0260539984383939,0.0394657653459374
0.866666666666667,120.785350326054,90.0189970068821,125.398849260179,110.669539645867,69.7848730156072,121.835456794226,105.902363652966,96.1950418648004,96.7872123970326,103.89189420385,0.0121765237144917,0.0189624669753422,0.0418538829921209,0.0167602905115858,0.0817003132666856,0.00864478294405377,0.0160490743591759,0.0249857035657323,0.022280962295553,0.0428334126978574
0.883333333333333,117.38005430324,87.3789085180916,127.718937659514,110.864978868591,67.9122558939053,120.898196275484,107.988098726576,97.9950174833098,96.079546511809,106.323827418176,0.0150171138049465,0.0227910276425998,0.0442696997921323,0.0185793093757839,0.0908902093359878,0.0110940374402223,0.0138250893353353,0.0186154400924311,0.0244168973612315,0.0409506376954558
0.9,116.972579368016,89.2304907223949,127.817221181664,110.515055137751,61.2115687908395,121.880431050713,107.785257001423,98.9336209411469,98.6793971786027,106.336971536269,0.0167008699198398,0.0163350225361774,0.0380407385547929,0.0244445490226033,0.0947335847127835,0.0121756825994456,0.014788241286862,0.0150474320000116,0.0281977337162758,0.0335851075102165
0.916666666666667,116.274585331178,88.5374181483226,127.725723036892,113.068263845454,58.5083884835555,121.818225475434,109.418291102725,99.7336569498032,99.0005979925872,107.19220748192,0.0178847582486602,0.0156953306193337,0.0334607566266013,0.0236363229679021,0.0979206174242439,0.0145927639552544,0.0143506431818011,0.0185705765903533,0.0284724272904213,0.0294557305693198
0.933333333333333,118.128652872578,89.300945624277,124.475296893135,116.994577301873,56.6058000103374,123.045247961306,109.688036866573,97.8035528957925,98.8227616353475,110.70901229566,0.0138214346966326,0.0141763506421416,0.0397090042839838,0.0198702439942961,0.103454857352413,0.0158694918239512,0.0224695807131947,0.0233538891789889,0.0268355314615813,0.0334566996328791
0.95,116.444100735014,88.4641631955685,124.383787979707,118.726731936969,55.106065701191,122.974269798332,110.620572216173,96.821298876148,97.4834498200981,109.501696818702,0.0167908720395346,0.0133084399521069,0.041273440397149,0.0190303603367073,0.109367941097734,0.0139672329019407,0.0166141559005234,0.0249650102173984,0.0266147330139384,0.0405682773332893
0.966666666666667,116.545054975797,87.6153839029243,120.831899100259,120.739728697556,52.6746750209255,122.620014502495,110.329109248239,94.3394085241518,98.0014436633768,111.79602132435,0.0162813841336066,0.0189361975414201,0.0486900641863165,0.0161840725920539,0.10161763527225,0.0166730135672214,0.0156763744465466,0.030407641679209,0.0275370442338727,0.0362662471252925
0.983333333333333,117.256377860934,88.1554537522596,120.313314419307,119.672081410962,59.0666041802803,119.154910748108,111.36068120879,97.5482131492638,96.9335175569637,114.339075203121,0.0133735912110424,0.0189317439872072,0.0431244871208389,0.0213632096732082,0.091536919344428,0.0162566843599248,0.0104230095503184,0.0298394336631694,0.0240104862543004,0.0384814238127459
1,115.126706394103,87.6578507135173,118.982130370728,119.086953045698,56.6264171189445,121.263932661478,111.601518909341,98.7749415427688,98.9258186889903,115.438768182514,0.0102405193322602,0.0160725268196183,0.0443724722721159,0.0163446659277869,0.0997931082519867,0.0197565169890502,0.0138269015013122,0.0273904567653672,0.0190877653891418,0.0358519116563394
