Barrier,Vanilla,KnockOut,KnockIn,ParityResidual
50,21.4075447594595,21.4062965059797,0.00124825347980363,-7.105427357601e-15
51,21.4075447594595,21.4062965059797,0.00124825347980363,-7.105427357601e-15
52,21.4075447594595,21.4032638866686,0.00428087279089834,-7.105427357601e-15
53,21.4075447594595,21.4032638866686,0.00428087279089834,-7.105427357601e-15
54,21.4075447594595,21.4032638866686,0.00428087279089834,-7.105427357601e-15
55,21.4075447594595,21.3941625402602,0.0133822191993527,-3.5527136788005e-15
56,21.4075447594595,21.3941625402602,0.0133822191993527,-3.5527136788005e-15
57,21.4075447594595,21.3941625402602,0.0133822191993527,-3.5527136788005e-15
58,21.4075447594595,21.3941625402602,0.0133822191993527,-3.5527136788005e-15
59,21.4075447594595,21.3691972879994,0.0383474714601406,-3.5527136788005e-15
60,21.4075447594595,21.3691972879994,0.0383474714601406,-3.5527136788005e-15
61,21.4075447594595,21.3691972879994,0.0383474714601406,-3.5527136788005e-15
62,21.4075447594595,21.3062993511672,0.101245408292343,0
63,21.4075447594595,21.3062993511672,0.101245408292343,0
64,21.4075447594595,21.3062993511672,0.101245408292343,0
65,21.4075447594595,21.3062993511672,0.101245408292343,0
66,21.4075447594595,21.1600899894785,0.247454769981046,-3.5527136788005e-15
67,21.4075447594595,21.1600899894785,0.247454769981046,-3.5527136788005e-15
68,21.4075447594595,21.1600899894785,0.247454769981046,-3.5527136788005e-15
69,21.4075447594595,21.1600899894785,0.247454769981046,-3.5527136788005e-15
70,21.4075447594595,20.8451545117825,0.562390247677029,0
71,21.4075447594595,20.8451545117825,0.562390247677029,0
72,21.4075447594595,20.8451545117825,0.562390247677029,0
73,21.4075447594595,20.8451545117825,0.562390247677029,0
74,21.4075447594595,20.8451545117825,0.562390247677029,0
75,21.4075447594595,20.2139045259955,1.19364023346406,0
76,21.4075447594595,20.2139045259955,1.19364023346406,0
77,21.4075447594595,20.2139045259955,1.19364023346406,0
78,21.4075447594595,20.2139045259955,1.19364023346406,0
79,21.4075447594595,19.0315458274242,2.37599893203528,-7.105427357601e-15
80,21.4075447594595,19.0315458274242,2.37599893203528,-7.105427357601e-15
81,21.4075447594595,19.0315458274242,2.37599893203528,-7.105427357601e-15
82,21.4075447594595,19.0315458274242,2.37599893203528,-7.105427357601e-15
83,21.4075447594595,19.0315458274242,2.37599893203528,-7.105427357601e-15
84,21.4075447594595,16.9530037174529,4.45454104200664,3.5527136788005e-15
85,21.4075447594595,16.9530037174529,4.45454104200664,3.5527136788005e-15
86,21.4075447594595,16.9530037174529,4.45454104200664,3.5527136788005e-15
87,21.4075447594595,16.9530037174529,4.45454104200664,3.5527136788005e-15
88,21.4075447594595,16.9530037174529,4.45454104200664,3.5527136788005e-15
89,21.4075447594595,13.5076885357938,7.89985622366567,-3.5527136788005e-15
90,21.4075447594595,13.5076885357938,7.89985622366567,-3.5527136788005e-15
91,21.4075447594595,13.5076885357938,7.89985622366567,-3.5527136788005e-15
92,21.4075447594595,13.5076885357938,7.89985622366567,-3.5527136788005e-15
93,21.4075447594595,13.5076885357938,7.89985622366567,-3.5527136788005e-15
94,21.4075447594595,13.5076885357938,7.89985622366567,-3.5527136788005e-15
95,21.4075447594595,8.09637791732727,13.3111668421322,0
96,21.4075447594595,8.09637791732727,13.3111668421322,0
97,21.4075447594595,8.09637791732727,13.3111668421322,0
98,21.4075447594595,8.09637791732727,13.3111668421322,0
99,21.4075447594595,8.09637791732727,13.3111668421322,0
100,21.4075447594595,0,21.4075447594595,0
